{"cameraMode":{"drawMode":0,"name":"Shaded","section":"Shading Mode"},"sceneLighting":true,"audioPlay":false,"sceneViewState":{"showFog":true,"showMaterialUpdate":false,"showSkybox":true,"showFlares":true,"showImageEffects":true,"showParticleSystems":true,"showVisualEffectGraphs":true,"m_FxEnabled":true},"in2DMode":false,"pivot":{"x":195.15431213378907,"y":-170.75559997558595,"z":-721.1947021484375},"rotation":{"x":-0.09018996357917786,"y":0.1788603812456131,"z":-0.016466861590743066,"w":-0.9795989394187927},"size":10.449999809265137,"orthographic":false}